fluid_velocity,fluid_density,particle_size,pipe_diameter,max_erosion_rate
19.67255386253928,10.071513513092363,141.59698930756707,221.66656052906006,0.013205094150595738
38.39821495832227,27.553146421539548,136.44257967519994,253.15707488660854,0.05233760717790766
31.289803108870665,43.77434595794401,367.1891031823628,114.41884629329473,0.02533889680684663
26.95640073640369,36.879019434068496,137.34116994732713,209.51802130017774,0.036455831936385304
12.570605814379187,40.52149624521104,145.18240414502085,196.0234797185122,0.09896102800504793
12.569821910926585,33.28038496882515,315.7893918462873,262.3389157042209,0.06874711064360914
9.387717395466483,34.92155166137477,207.408944857689,280.94611336224017,0.09494908603765313
35.650724737685394,42.61058692670065,321.8486949343134,53.88781995525625,0.015113098948278444
27.036237881654287,13.23373243410011,72.87815514753484,222.00105944093332,0.03883180800842436
30.51235877837148,24.981823218513885,220.6499177856845,63.96629297641117,0.05591844852495308
8.16899606461358,11.83926264916051,61.76476006414892,190.21010092964838,0.008599048126985063
39.02207019526482,49.3957323918357,71.92862120937409,123.85871317709426,0.0014145569191678286
34.55438582601371,47.25890764464405,367.25310867054384,128.72125627862385,0.06737299904589483
14.401021097043975,2.931913757056789,98.7358798911583,140.45145987689858,0.0645401321633421
13.40931143423077,35.57318345326873,236.347238796326,208.608282058601,0.041668092189961564
13.460646570236598,46.33716755336763,193.8834609102473,135.64869127986736,0.049474763527171235
17.387872896184977,9.848191911239343,171.57016419059494,236.9055588499312,0.042128857058616874
24.55458402804773,28.829316297078844,364.9416709905454,153.5499559357629,0.003376499439643997
21.538213105868763,45.85892658181405,57.63818887142133,68.16171287872949,0.03420178901552878
16.964947056436362,2.663352950704143,282.3263901614562,249.87499999096326,0.018531143284331697
27.385219078477334,35.17359309509516,387.1880519747426,123.38261444654732,0.010743994721035505
12.03355047119136,15.570101361254988,246.05886421164467,160.7227874182127,0.09571532295504563
16.994701077394588,46.29541357344999,377.88786171158216,224.902746338363,0.060336612779174396
19.40675990704498,48.58185401310302,68.29025775010831,135.24386391577286,0.07313697213942368
22.32227448705367,47.269057966558265,196.57766167595648,65.17275666126577,0.03222101058334563
33.01821874527295,24.236496616215724,141.0552268367179,145.77594594125463,0.03992156581990751
13.989397920146692,43.240089898476356,305.7873377432554,290.68994000435305,0.024455475395775625
24.212619248442376,42.38292052821845,393.45398167403636,213.80053691383375,0.01059960142557705
26.75347348801638,16.635923188919527,139.78552185548673,221.35570376147058,0.018724132106716796
9.009638413399927,41.61685823338319,278.96111051592607,211.3996670239605,0.0799538904843521
27.245207686796746,2.8133741010591384,119.33417146590905,101.34400329569695,0.0680770347131938
13.042034019836976,30.2172240456206,247.86558910006346,157.05680148197916,0.05514595872256222
9.614176772021583,12.27043302709745,212.37637034091767,241.53870878428285,0.04803389741381004
38.33877996073333,6.907777403086662,390.20186537103797,76.54871597850243,0.09232099408195632
38.88304107492318,4.770706879831248,262.9845454437633,121.37460512678692,0.008200759830088172
33.77291381378498,35.11815001802885,172.3272302303866,120.98505355032681,0.028779480510553682
17.399947498134548,17.65387322463524,89.93352471077668,160.53280760900452,0.03564384750350069
10.674343705207477,36.51357180490931,102.9363900572271,299.813660199315,0.078460155409066
29.7375733616451,4.202460699148176,128.8609254829323,67.94564685769078,0.09925894739603516
21.804956046537043,16.44922655369991,137.8383314691043,182.55005257267112,0.024826380960958155
11.466242632455312,27.435073326391525,347.7156202443982,96.35862923110145,0.08755642607957098
23.59324957861628,39.745435077109214,246.42797589888372,297.351842534075,0.08323165328274734
8.617626936244598,16.618872643671423,233.18681898102827,79.57909020077591,0.023241082366534896
37.05291306756042,31.668677445413447,90.16910515422612,153.31465459984418,0.04053392543972304
15.91034940200055,44.41290966357317,351.04889267230226,238.22278614798995,0.0415576140599594
29.031974241504415,31.177296220932924,302.9850061229693,229.75682471897107,0.09784384618412928
17.630609972905855,12.415014262928054,73.68392666500056,158.1730737710588,0.018908298236510936
24.402210688278853,2.195638296270363,297.742284030419,138.81713865999043,0.08011663913937343
25.26808407865659,43.63484482114556,240.23837606992612,151.79354415242912,0.034085078703137886
13.507769804579628,2.04220113166897,78.60387101137239,117.92617084229437,0.07335616423183988
39.011500402348155,43.86038196152577,210.40522453502976,102.95456643152716,0.04258108942527063
32.69181675923622,26.91791956733339,219.64370049551644,173.49208317995806,0.058257616548537464
38.033715600836146,47.01431722713191,108.02108905714651,119.00757404117226,0.08342856555928699
36.58188888889859,40.1403785529096,380.9943514500988,123.81526288390153,0.08061239093340454
26.931749311360267,49.898771416133535,347.49138001823167,217.61604012253747,0.08677589517043031
37.4609126382513,18.184878957133797,284.15781806518794,296.8084822517726,0.006902115209121243
10.376006316687384,38.59222615762522,211.8034463502125,204.12384894208128,0.06951300475093475
13.869443028622218,20.694614766852865,194.117939554578,70.35278463450143,0.014858750295454526
8.969886889592487,24.513905394891534,277.840713502834,69.99823791893301,0.04216603823382269
18.07323574980609,31.747767697700134,240.90115429241692,292.46149809477373,0.05531025309041416
20.132011914908166,43.8101785951306,71.79558705865996,126.31186073806273,0.04087120898993624
16.318843532651616,49.22008999076546,229.3759270696161,74.18501446494875,0.05244155590449774
34.4339690474377,38.64539727936139,332.2412660314938,202.9573251361969,0.0996561045710633
19.09448311754165,21.470572326199353,210.7339571589353,209.20678968572759,0.01438651405757262
16.630371564839876,21.64649311157644,68.18480214399395,215.52022431014677,0.06787014848830614
25.137622702643075,37.14153277785568,325.1973697844116,118.72011507581549,0.04020409567217591
12.080037311679785,12.700080142646815,120.47732374759104,54.63811379047666,0.014167970091825549
33.57140187450629,6.4132315434383385,140.51729221081357,295.91390384143585,0.016714939574056644
9.922895919592552,18.37648572439805,107.64722370130356,114.52683360554002,0.09497803751831607
39.57382543951681,15.074710591050005,165.57527270502413,222.51067716534703,0.08808054817446445
32.59795500214136,15.519097902343514,314.86302699102225,230.28398694919224,0.09079715408108717
13.958259649860604,12.446779801445587,231.78505082637807,205.74188393818935,0.09916174480691127
7.679468806517078,3.0625662921817325,121.7084459527494,130.27847813026665,0.02162322361084328
34.00249642478211,1.8758228019372767,357.2405273532143,119.6584484560727,0.03618849439904211
30.472863675047556,49.39839709706555,357.85364923303524,202.6077438064866,0.0672526839625618
31.192732961332087,21.960883553057254,354.7024487661024,270.78829093736965,0.04889645144620408
32.566286267293236,19.8320057108244,133.57867398353875,291.27036714654247,0.04242056380445502
9.906451181357937,34.30271685196042,207.93377046334584,77.70007431855444,0.03642331368422371
19.150136177688857,11.694440505388144,394.7463796493063,90.12646759982084,0.05978428256240177
11.265744434566717,47.54809801356104,320.20436670849665,290.76300973090224,0.057983749435368125
35.550861340956786,39.53090570636205,59.50859742894593,237.87994799703733,0.01698432557235977
27.75718912189563,5.3811391133007165,72.82160694117222,275.08043150676235,0.04770224391432547
18.2541858077111,21.46145801346149,212.37598188431647,102.26868907037715,0.055793705844775145
9.565646384295768,44.07679707054607,368.22707205154603,200.0468112617881,0.05745840693440766
17.606925455759022,47.29186909227911,238.54562928344998,228.88945698203833,0.02180061209832283
18.06845796586928,23.902674051243615,224.23437781200158,223.54841890353106,0.07448486783297639
31.212200795987084,31.05715807132468,86.9157949848207,154.47052948014132,0.0034947103872858937
28.220617819044428,9.184663358511687,279.87303665350294,54.71030248959235,0.036128353698773104
36.33441413373061,49.56726268071185,337.7361062100789,198.86321842828283,0.07824105220502772
22.846985067763352,12.351913367788727,183.14700262764683,115.08779095162062,0.056825399184484836
11.386812992994805,47.19385693262116,321.4641478238646,165.16457852029413,0.026855080818575166
30.68045558474734,32.83268580062605,387.56682886528404,294.0255778312896,0.06980035881496173
32.225514080049166,30.779102949064097,121.31826069469118,152.1549706811784,0.05717170347145127
25.741508921008627,26.12173703980892,233.16537091815945,264.1096080927644,0.07982811733618234
32.55643334852323,12.302820774170176,150.49828532960146,98.6893138603098,0.07376749343279251
23.5483568818427,9.649873568269905,327.49904666184375,221.60496649835733,0.06140068428158724
24.488816954914807,11.803824244438593,252.15767805840514,298.9597664274916,0.04932958985577059
21.39508309665286,10.13547484506847,272.1038461426063,76.68084762172595,0.01418503044108482
8.326121619183093,39.19963920477091,329.2699558655629,52.91326532570677,0.026871968770652996
11.006471377282395,18.156137699169776,188.5896654318592,160.93002932868404,0.04249084781879144
8.521448534818862,3.834291151606422,370.2815239424651,74.32687269504726,0.060330629413632486
28.183338366072864,48.48602887689975,236.56010353614897,240.88962481776275,0.05185707766631518
17.716569384980616,44.305508363207856,105.28418799237181,283.09536061753397,0.02953026806999342
24.02854746285284,46.459861876565434,293.5646913590808,161.04132706802474,0.0016399714211813446
36.99591040259803,49.75048330967533,327.64147265338903,116.512757107482,0.050127682968180584
15.601997447338436,9.520867211754878,160.86658697363436,161.13844302767887,0.02927697286766207
20.837444998657965,20.41585892623028,350.0127399495635,234.55574573390027,0.07372622177034298
32.05541200264908,38.153685309500474,367.15013916801826,53.09975704141423,0.003370680261777866
14.93594037847773,35.10501028463582,146.91657058223313,200.52131332911307,0.0588979533192733
10.001847069435772,8.540899410652898,394.2325154503277,206.5760879613943,0.09420594951310048
16.91692221969746,40.97582312454027,99.24903481706545,212.7728147115676,0.018266517444038455
12.739691835755144,11.997588019996373,120.70548394087149,112.27360831514281,0.04769329958430894
37.71517370113362,11.967063126308531,114.47869373330914,232.16939173804417,0.010050777189896679
33.76391233584355,27.311746721777265,362.89639850275466,74.0134375282712,0.0629425093138739
28.085622086588764,30.054056807243455,279.00239331373666,101.4146654625674,0.05550263637902634
35.82246918110083,29.424224184052747,103.2364991277955,273.6773918502384,0.04132918689707041
33.61934249922122,5.482855032489988,204.11319642892215,238.43568028454786,0.052616325125900386
13.563526913796164,43.99558226888864,265.3543087744307,54.291370718881694,0.08976089118843202
36.508167450924276,14.014402086846598,79.21242974628416,113.88757013392924,0.02043313592879564
25.028622862258647,7.3462311428574045,358.84572894256854,105.2592466802638,0.0032338866588293765
33.74180504283203,44.548655913579886,331.2612374045373,119.58480732139103,0.086304823585211
36.62296724751353,47.826923413257916,226.82237075182337,113.68018165109115,0.058134591156402744
17.835112936585574,43.244253246007084,388.49431534070965,66.68167911868281,0.0891751870907224
11.076687547149495,40.66628766151903,196.21634274628488,167.37089121559237,0.06009757711790409
14.907892782613104,33.10685705131206,394.43861166277424,236.91430259568597,0.08120594790601054
21.381003130353328,27.992011159847827,283.7719995812695,204.90985807822886,0.04353766297215965
34.085479892481025,5.2623512356590965,272.1349456388795,221.70940382391228,0.07523613319753861
35.47374395583116,21.014207440464236,108.08421335352475,71.41189134820473,0.09139110522209574
7.725944242263698,19.261737333603385,358.6747154066254,292.47864038490394,0.057640173408498425
24.099287333770885,13.727935404255984,199.6213907722153,263.7769257961283,0.018897729905675575
21.065857602335317,36.447585570740664,106.78169202386778,255.29294089789835,0.02761096388798962
14.718503840298734,25.297911018859768,54.41263199151567,259.8378864806089,0.020665813112843174
11.39562443834469,4.971264579474749,245.9144892734339,287.7084690657214,0.02543884573197756
18.472493070617908,11.788976895540756,234.58986774293672,189.0405073928792,0.0313351294857526
38.14456537715687,34.4796794193202,301.7737678292055,101.67163253837697,0.05595824488856566
18.004095290674545,4.730412115024709,361.5903185562307,207.46303639454544,0.05921117131691945
24.360695206659397,42.709138788389666,77.79230462506032,239.4918993916565,0.04322347497694425
30.34811616409328,25.262179823684743,306.0237716191268,238.23101791192244,0.06192665720226271
19.317962077327053,24.54874228900575,115.59418043415377,183.24805213838755,0.009075917635525226
39.08291768843122,30.027981448316364,350.3619686050074,68.18851471072882,0.009691035468757839
38.779537085618614,41.40936733033231,336.67222985157963,145.06268636125247,0.018011116575408187
15.682924614324335,18.04265118720746,239.27781424494054,284.6747185496928,0.052289672305994135
23.660576441502528,34.22279147539412,298.584979518159,199.25002307838622,0.022185473191133044
17.278545069045016,28.72086623579376,160.02253961431194,187.53631358695122,0.029045155945765157
16.757316067267695,14.084385238301644,214.90876462648512,119.08879265307715,0.040630970781126416
8.698825789022315,44.05286933140274,337.5729141986651,144.38602565881104,0.08137474627702761
27.310840854346647,40.073875058739475,210.74281901062486,278.217906644905,0.002372351455373152
23.837068254938,33.26413989826285,175.22939286390462,220.08161407181626,0.06528850320342562
9.173059415624653,42.678504725617856,222.97435653760496,250.79630479509257,0.06721877657302786
16.55601008768987,43.49741584703032,339.8872383530264,166.2037374591844,0.08006692225530702
37.01864129391625,35.70978585903671,167.32281657980548,210.88279374186413,0.09334254096697102
15.285761446676604,42.01365308981993,110.81655759751033,113.88943662077472,0.002993647045979693
12.20908334296475,35.1761016217949,299.20490711577327,229.98705089200553,0.0162245868458084
23.4072147090208,34.32689781625472,339.0923744478286,159.4107387606477,0.08873095811154331
39.533639758594525,31.31195753254403,85.22311748323666,163.20656076294537,0.04639333765651452
15.366796324123763,37.88311533832442,133.95593946458064,215.72787044252794,0.05689447325441289
29.344405290691054,8.771650159360611,99.69019641634787,288.6152778531074,0.0666396931685916
32.25263749818332,44.16266720074749,171.7794940537583,67.05761203858971,0.0682275938450681
15.223220179752989,43.72033285951637,207.62284261689442,260.28478228613994,0.09324229992833431
31.167031329885436,2.433116868693398,312.0892179371573,125.06531004469704,0.0996979923237553
19.45295181337573,41.465020777673374,277.90165470858597,163.55554144461996,0.0722955886321631
28.049939494291333,7.3146235061988145,267.3249986174509,56.36598550885227,0.02943489971130993
28.08971559972908,17.420823858697954,173.33123131337902,127.2657037699155,0.08809548782714002
24.91267723242965,37.43190455828878,344.506643579666,178.46833562805313,0.0058728705395353995
10.43441752676827,8.877234906367102,214.9505085893576,65.06872364624951,0.023877004434575126
34.647331106650235,41.08038418183405,392.6867283053041,175.53831526332394,0.08984118602890778
17.925352111581415,41.774574719929355,271.9497484035079,286.2860997300405,0.02636295992949614
13.561851587995262,25.865918954280975,94.19265954757596,77.56987739938252,0.022844454902553102
8.825192100529827,1.3129077141248455,286.66214672640194,244.96794493117812,0.014674404020884477
26.70402065361786,15.064868525570727,163.78640540109464,154.85644755750212,0.08605206400704474
29.520841759874177,31.22941900041137,290.21451884013413,217.21412348918187,0.050505767659917586
8.039104440155326,49.07812272334375,74.37440185684201,116.90009588824826,0.06781442710236132
24.14302439472663,31.95886282381675,111.20850301158578,91.311034685505,0.02466757202342794
14.861112693932984,13.73037547214383,349.50804061702524,91.55750402489151,0.07604600168011044
28.46811568830712,32.06627945188096,129.5128449582302,68.70495419335873,0.07624054895124775
13.166908942662221,27.45928360607692,342.964393835029,97.95426304491573,0.03194720446592171
29.95547648833014,39.21242436240603,147.74663095904367,219.51172378719792,0.041657580668018
20.068898754767467,6.242051302520962,275.00866852054764,274.749415408251,0.021759337465589886
37.94372463394387,38.29036722259937,292.95270072844085,257.5879241401551,0.09767954130896753
11.969430684744781,27.522062355129403,229.42916360076853,224.82411470811894,0.06491465512878275
18.5846564091334,48.186608189090734,156.85873684385595,78.84969330642008,0.09351984419083605
11.187889440319145,17.75173613589562,124.42553172988364,124.25361135917126,0.031035168819284187
37.55254259405329,31.99847276356346,61.61627409684918,129.4909463319071,0.07840720038669209
36.01352898488189,46.66937716999085,156.38124043425333,114.28906438499578,0.07682000574458946
15.883102900742557,6.022976671543283,278.60697668594906,181.61143756626967,0.06947390953478762
28.94948149611082,46.924195874586104,378.40668645696894,186.83066897943684,0.09659825855141324
34.05972150653952,34.70640039273985,354.92156879206823,141.449037693462,0.039961978274525245
25.544026376982526,4.324015896153423,318.1226717873559,140.66244631905477,0.013941015035385973
24.71364379657021,15.747214780393996,325.9565701386545,261.25312186814466,0.06749917706516202
15.36019945426468,35.7004323436188,282.74471621659836,251.28038347320012,0.07320167024724342
10.525839953691724,4.300179471969813,141.10040014810104,128.9801412469094,0.05793099677242266
36.65951213348312,29.52635254863739,367.5182607470405,282.90226474380785,0.021474971420206233
36.763586857808235,17.94826979069488,284.7563091670419,292.81501431863654,0.050941138225266185
28.07579736138121,31.42486037060638,246.15422084315398,133.79260567563037,0.03190678392034381
18.518468209082773,3.2413596568131298,88.84631422471838,140.82393699343595,0.04331918628850222
18.849311174911477,43.70530350146644,206.4694403322489,179.23107496917754,0.06487663900862173
31.09355956328278,48.70095948969245,211.1253949206742,289.8446863835531,0.07477625952639262
36.65608344845876,48.47501490899888,352.5972633329345,273.38513601814714,0.02399024439923297
36.330308788616314,37.73293975540331,241.32687706572597,76.8522624962318,0.041127210704048386
32.845955240372774,7.374225766400967,183.14019213964337,150.55360879093973,0.027646995528171292
28.36602850001435,38.15489660052211,391.8801149787308,191.35628219644207,0.020664529772325045
10.234548862339087,2.204758906481274,88.75220766421049,178.59564802809115,0.07855533477958801
12.752933208074946,2.0840540249208654,197.89194990918062,100.04121925597073,0.09101601674926225
36.703011127130075,16.85690073832752,64.70863630999185,268.9394598767113,0.0376529863827731
27.208944438936673,24.943516329828622,308.9664422684256,222.74295888119667,0.07537661351300293
7.7989041775404635,38.74996347258187,371.3267932697027,263.6287272123581,0.0898025336470767
10.797825143146044,34.481473453718756,148.0130653426713,268.92612695476595,0.08476629684249293
29.063807496011815,22.849232612460668,350.4195868796923,240.8823868310979,0.019098525465383365
7.664501475002107,14.407706647801628,152.27638066166423,162.3594927174282,0.09567289626982277
12.726261671068706,49.859100507727845,368.7695565753703,205.87887577391785,0.03829096760251679
25.33384815441405,21.882883809562674,313.88666625887436,91.53281315441475,0.0345848254562098
29.98659392501253,23.117964192154098,331.7173718945035,221.90593603862658,0.007180701400500254
28.688740933834517,9.01756723839179,56.302294460159075,96.33032695777732,0.04913119175638342
14.788752557468193,39.94566788874654,386.9836249759091,227.0631959895798,0.011792347948451944
30.645824693794914,34.99042906329294,304.3348472246131,109.11793283150803,0.025605442271815174
15.210595343646002,11.81771102664926,156.66288338514664,80.65803023815587,0.03237731955496086
18.0754901901762,5.036671235176292,340.2881327005964,92.78226049631118,0.08107380602567672
31.760970666335783,34.344465801660945,148.53241944522549,51.30600234564385,0.08767337638919376
28.613069219034475,33.071049499775626,355.4638438481448,233.3598629347967,0.0309441654286855
35.099760841060785,14.389716822912257,89.40313664417795,236.82986646082827,0.08601111400321282
28.87241899976116,47.59231455027011,296.2900921112785,181.59307087796788,0.08586586279960932
25.97002960840283,8.401836697264113,239.2444668257186,91.78615146806746,0.07670044408810248
10.544429954413005,22.184405251087494,83.78706456840428,72.02280172771519,0.015522816287502975
19.45076359943159,47.23718008821235,134.66283989059366,55.6587574750709,0.06934196184317218
16.119076949656076,21.566638529379993,54.34141269706018,92.90003694916606,0.09455738239347632
15.429663409820217,32.28777143554019,214.06878791257705,277.0773058857193,0.06857150739794855
39.122843029454486,20.48212550017692,155.44284126600013,112.15035779222717,0.033830068061675565
20.275676051669713,14.43654491508483,259.42511950421556,140.78491711317278,0.0505573524256523
36.49151304325618,49.214904750031586,154.03323269801604,77.55775305825863,0.06492677929175432
28.012005344911046,21.057366309437107,154.97168902744465,107.27977140603525,0.051546470464121856
33.331367365103574,44.81086098027759,310.1176195560612,182.68304097817207,0.012875341231366012
23.835705525918744,12.267775688663223,66.8499925924237,205.16918150629573,0.031894340420550046
26.249376250356672,11.442130497229082,366.0132483171955,113.1194877982176,0.08043720702480962
23.506825049113075,2.5255700613410568,348.29235603691353,65.46396844317977,0.08628038656345623
13.845397103436447,32.931674443418366,283.73163912924224,150.12234875835924,0.014592703238841452
30.979693745998922,19.057790842464296,257.6275495375845,110.28765621528888,0.09528628848747374
16.625101779327814,43.353554242142216,362.30587434887826,106.56669650036969,0.033553439167012325
8.29026890902225,24.1872854278863,114.86556283505006,294.6051518892176,0.06656906013434129
28.477849616982954,48.44147796782136,77.63920676679001,207.34032342513393,0.07543068944971144
13.256097080729091,10.090750269452936,133.82855946833834,192.24712456571234,0.08138267722915046
38.06490399146972,43.56253522982493,328.1023975450666,156.40687629492376,0.09462922052036708
38.50267875258409,39.053245786795344,62.134593354269164,159.75186069125664,0.03197903525485344
37.23309268216458,38.775170387558546,253.98239227922136,188.18987097487252,0.0859921390006039
19.530157758301943,42.394378177727496,398.4031306669585,227.69317098717124,0.014037003440184496
8.00234003718819,38.29017555620695,349.4936328431388,229.14510843018468,0.07079904972900568
37.670353284101076,31.684795759939355,232.50599116525632,94.41025255718418,0.07445579522188461
21.415984820312715,7.430999006436991,72.27431825032482,177.82863902746325,0.06809460087893072
38.91628161891926,2.593782795071344,340.98073003499843,155.4373561386619,0.025979158877380146
38.81764925540072,46.12154454296866,259.6424778620237,271.9138494324236,0.08743127155450514
35.222807302689205,31.215865411516162,90.2265489708484,211.1804059894676,0.017716987873669106
17.069588992261536,40.03032725783264,82.85004968817466,186.05603286965936,0.006309844360562253
20.01567617956257,24.594595224114954,368.36938680280736,80.110239113445,0.07202903407057931
35.16194182429785,6.7481012591573295,284.2200920283275,204.63202388814648,0.04807209580804064
17.799965167579025,7.134103817924972,340.25037976086446,80.56979204277928,0.08506070397590894
13.008514267298006,34.592699074219595,357.64261509879356,136.45047019370102,0.03895631696476764
25.59604102989638,22.08498885007367,250.12032321691277,87.0818590628403,0.01765958026226357
37.92503016022538,10.8257116083165,231.10622311426445,226.58670634418968,0.08380777705451711
30.12096839193662,25.088132790330405,200.64959361234656,103.18803691438276,0.0553420535323671
26.026988027904363,4.146237916681571,160.93130572689176,150.3322807897586,0.019730383446645135
10.658236047549977,29.51659869380554,202.10858630054912,278.30139351516976,0.07231801586005814
27.487734867723017,14.180676817319785,320.8578795055547,102.69636138333846,0.05160025021046056
39.676750128388555,40.08039593122222,260.67320085529605,179.78248624552987,0.06082698524179166
12.052730495187031,16.207735987255113,362.3831514841961,157.29500193616957,0.04662893548245161
24.345713701821445,23.30578730500826,205.1830050327157,55.40350642561535,0.08304218939798264
36.01462483765855,1.5694064554969311,262.4813525515639,252.16056084749442,0.08312670885262194
31.574980077011645,4.549897501933385,270.95764358219606,68.33766020390833,0.07122949336061424
30.15301158234621,20.232184263927557,257.09400680721393,171.26077532814622,0.011434736362249766
30.33073272958105,24.51700290113905,295.9218205799307,193.2122869144933,0.08404653232850282
19.183462414642044,30.401006857845882,133.1017139311822,210.4203199801051,0.06743028507275807
17.041734938596036,15.291466356755858,229.32732214102674,225.7124338442004,0.07000539243442566
33.80423755305169,35.05411242020058,86.47868098292169,115.13118541476963,0.0369353011999833
33.82868532707337,43.145997462271026,184.5789646756844,53.33460927124614,0.08804867605954367
35.67985035385337,39.21269845577414,220.68347401744253,234.55469023814766,0.0728117884232509
37.18031795808532,2.9413224420695,278.27849084091537,186.85677623428495,0.012146456186390254
24.11862796298048,24.54484041563362,382.6858684051712,263.1738966146412,0.041370025406210105
23.799279577333987,6.141578742490569,260.22787329192454,259.43264417677636,0.08875165583405403
33.444593316420196,12.860205777263847,310.25787066179595,265.0048466181223,0.005672473468040521
28.623827750277368,49.34646707009018,227.19312082332095,174.01404363480322,0.0961802453445629
30.31392351087536,7.982281602174148,271.936410981716,135.54161254256388,0.06823709426363672
33.36326175667328,25.44551951911645,74.8262756468207,251.85578345820795,0.0635062217866943
36.4251736090709,31.289630981587838,139.03705329464646,165.42870470943075,0.02778536639231115
18.484842597674913,35.42078355666109,176.64858262179854,97.39431788647236,0.025630387085178532
19.70644596079818,28.42278549085879,215.37267425227975,267.9634009686145,0.09426376372937095
10.554413044828243,1.4787715235399994,65.97706092583431,274.9702087001762,0.030528972969178152
26.294104582375653,16.996604103955605,99.00843414366119,169.2426780596032,0.07777502437518094
8.668123898394118,26.36787052585086,146.88500772695704,70.02773073668601,0.03991905802250084
22.631935589304955,5.305458458096834,390.0364418153677,149.30782683890055,0.014786153007685696
25.13595062799624,18.180719629249857,165.97145248606776,254.89856550350123,0.002060814471840536
16.812590694169245,2.6269523307769616,218.71437033922888,279.8506032507421,0.05488147636450983
26.70208096849285,4.850346360596016,118.63419945843752,102.48207659438934,0.09760210303634434
8.491258123019106,20.449240533878207,263.7730248765189,67.81129745441896,0.03754448318711125
8.713816134349468,7.503071948109957,148.239125430591,273.64701509574104,0.03636204106531144
34.23451822143889,28.80950156481635,122.44740245344937,149.70885450063432,0.03506507016709477
19.20619584586604,34.78378348772602,230.80041995609267,188.40728492396107,0.052533839893180986
11.629466661186257,40.228748256345064,51.92702970614729,296.68871626089276,0.044625823459005065
24.472905951781144,10.807361967995694,52.682411427228864,67.70744089021261,0.08811154804597444
32.52479047570485,9.206646530694417,126.67408318565022,215.47277389283227,0.051046558380625544
14.514183393647404,6.123824176385613,62.8524768752874,69.62277733401623,0.05126802598066831
27.743940464117507,32.1850822276382,87.80901394574198,146.1691078304911,0.014698787877335105
10.27379261229746,35.61731059785816,168.60122726856306,254.96889447913549,0.09829121455012821
9.17965593797975,2.54772109645646,330.9049878529345,160.90194711993115,0.02574731619601414
24.76902552596481,46.874400065940804,250.2170251792553,304.0843178913494,0.008263042678500664
25.070641452328463,3.5465928989221482,229.43370408474576,192.80105837643697,0.06665147864854568
28.216471798691714,27.523520429752452,152.72108812284256,132.37518676953218,0.0599412706455304
31.0979683459865,35.7439654530949,376.11380180148575,106.70827677980729,0.04209941974528183
39.215192582532374,43.677487063558196,188.95526443301708,139.8322157086851,0.04279703115418713
24.279761319788847,35.99025967448896,80.48246837852002,145.4234515349259,0.07872132818359669
17.996085370590492,40.2846760704198,265.9732806412304,68.25327414188608,0.02037555136986526
33.34355132998287,17.6330594345975,89.84343771681048,144.67184665440038,0.08220507857554409
16.302048166017414,40.9264305735791,170.82809998059224,168.7165840137631,0.0652259642756068
21.766571172933173,4.925627472849082,227.5941785512331,234.37538906865638,0.04247800760417292
10.049832393623644,44.84601614696585,355.9778836398115,217.6092891192884,0.046344833041802994
8.32389916100237,27.832026431533077,222.74130311904153,230.82647642820518,0.026408073511423484
38.78607347703256,41.04759072816219,295.7905681110825,52.9243751967217,0.07545931893700052
34.669353916646685,23.163595941396707,397.4858936496746,106.08751949345616,0.05177459948822151
30.119161698045183,32.53530706462972,96.02119196429356,218.86780925356356,0.03276459973223452
20.79097069346377,26.793730385869548,146.15603393183181,173.73329951765578,0.060008961460334076
13.132065402302487,36.84788656601126,188.10162645917623,52.14962281975987,0.09957771075308099
12.584203886810297,4.999869119498889,197.63986248859098,255.14163917768286,0.04409096568599883
15.632894190349349,3.957252115537626,193.85737634294102,247.09363161574572,0.09214844867708334
25.349866602948914,13.108058466497177,367.6638508947942,190.09846740036488,0.035156667152532045
30.724367487752026,8.81768932554623,299.91142556339975,67.68168474717311,0.006418537985573603
28.956414743326267,43.717394763017886,262.7668249317463,245.49482258127648,0.021219968530474462
16.59785165074314,11.741485380544171,158.28045125197372,199.06325128376642,0.04245081918944074
38.5331216215538,48.81739753513743,338.3266344774531,249.41783419812162,0.022743857930862334
31.481649792612476,17.507893796784234,384.2711790197461,241.74373606854346,0.0010224767836072982
25.516506706620522,9.923777868746265,337.4193988925793,254.76252627729065,0.0915851522370052
27.38092425261645,39.69522684998148,50.54778681701551,182.37404886677473,0.08454406171186198
21.137002028903172,33.27668099954293,272.74047956419247,86.4424276211528,0.07448693091720777
15.551257158787617,25.41159010620381,67.89738350473525,221.27399823844092,0.017613644968956836
19.069112056166002,28.21281399594393,140.16252711680266,208.4003414032005,0.01291599404478862
32.129998590092,36.24088713534093,70.83364512172008,239.33230954856816,0.007692870197765932
7.9677883804670655,12.194282325233637,261.3284085322857,93.94977553688676,0.07267888968851921
11.272360816474777,49.820361886780354,290.3064697224124,100.32370077467345,0.09295198810810065
8.995085865706965,48.76486494519237,90.07067332306679,276.96401737370945,0.04362304627039067
8.82368607536653,32.865958630999906,184.3436090657428,241.29436080682598,0.012794926527608767
35.30246898035773,10.777580095528112,209.6827781344397,281.490036129882,0.05172688925247856
30.36888042985077,34.33118387913328,179.1685576163208,243.51369157563585,0.03553435883840438
22.910649445338066,4.5377220399796165,92.35875016981757,202.4774477215367,0.03810766751064978
10.679610221157548,2.5019726080844973,196.6317265656164,216.94971520507988,0.06251173179141502
23.47751594129705,13.62646153704947,312.91231673294635,276.6384926807625,0.07215309321295804
22.887832550368387,23.6685248802265,74.85268258663942,197.8169156460329,0.011949756288442925
13.129060772075494,43.54535276501065,78.0630049286662,211.42739637941042,0.004523432849841162
21.600178600234123,36.63128441854909,174.16995214259447,90.54508586491454,0.09943869996588578
20.451403867914635,37.39261953879907,379.60399906662377,171.17598990949008,0.024040106542639633
27.515128186697034,21.84917338795569,284.0004263530199,232.7648664373571,0.006329221965937448
28.140543653198424,17.950814634801183,287.5344848353977,119.61944537235681,0.019797657580496078
8.972380317591448,19.18089938624553,176.67199679325273,102.17256185323187,0.004856826788497958
19.674909975360315,49.394828623066836,257.78127692298847,130.51200928900155,0.039789278567099996
27.840447260712683,2.9653503792116416,53.545914409710186,112.14115951017969,0.08043777666068111
23.85192840385285,43.48454330999998,272.63361624333976,105.38780980724454,0.03478320052601434
35.33591983862047,29.355095020047276,369.6504316516829,158.71211408849408,0.04497415728095829
28.907543027615713,22.492155540289932,264.4007139206867,281.39098252641764,0.06788309058317644
12.795368880146466,36.537625360341686,355.79450771322075,179.59315027163444,0.051380512936918143
9.79348429051397,24.84677812981044,303.3905694131328,98.53177672709205,0.08628312291611111
28.37862654170526,43.797738666001365,92.19544574129159,70.35080402274201,0.0867375318295299
8.361617592602709,45.134391336551666,365.8586575500446,227.623660865033,0.0019811588536242106
26.53770639138756,21.664325416799315,73.2553455245212,148.0308861668425,0.07802658434183672
38.05748284631112,14.564562064517528,236.8886153917173,259.5450604326812,0.04661262642392572
26.202910780966064,30.02516610107475,99.74799332771019,218.3157352347556,0.09889521358906264
20.115522601711962,45.70580393521786,54.09731375581642,253.04532843750758,0.048839975511668084
28.406867099376477,11.322447261277663,197.71199104467365,119.87429401228597,0.09870269859344145
22.39321894097429,31.525362594610655,153.2642476789547,226.65916630510878,0.07570236675936792
25.232545652767886,31.946450784533507,220.10017282916107,117.87174411220457,0.02561188357671733
38.09760628523706,36.92253809834877,252.01996035709277,289.3233937803741,0.05430110294940881
20.048335728525164,7.446816571235731,65.30867530813157,212.43906750947707,0.0992214283083797
38.73869332427721,36.07542326942234,93.05115329331097,133.22599724453687,0.08589553016744045
36.92389586357207,45.542593512616406,245.52483875764887,119.25601302223725,0.01063932248533089
13.863211880652134,9.804472334641856,170.10857361043037,99.29535260819745,0.07093082768418961
9.754242278442877,12.639622921270004,305.2107206423068,227.23880355900684,0.03521237900121049
10.775285044766367,48.59835960804034,278.3020770071789,106.35376570147353,0.0016912439261544637
8.092209333675367,9.867870682764998,345.9615270464674,202.0070295455822,0.04094461593367296
10.569396224567672,42.864869575109374,292.3724893342288,118.01729683904077,0.02424068775077216
29.6977201360316,25.121614965953704,200.47587708655183,218.94011197764263,0.08206805778152669
9.813631074957442,13.114322645755674,285.53831783805134,257.79469104929694,0.034395730275730785
17.86670798454724,43.66674516235306,146.38341098939648,248.4184117587419,0.0829248457014279
34.95844760650728,22.81995749513061,157.20972457237445,244.05623805641858,0.0010591959446447357
8.256337911414342,26.22605034255482,326.14480597227765,98.48149104583203,0.031474095852585794
33.970225684140416,18.60243510058852,206.24683074055375,73.24977653406775,0.024875356216468435
16.660280180135498,30.054591720311443,329.43311918142336,228.33300243579595,0.024123168745792487
11.340356897703828,9.012669756666115,337.84783078389745,144.36019230376525,0.007750475356780808
30.143957874334895,20.162995295936273,350.1468181814493,160.6159415064502,0.01952530277063967
27.94064252034623,48.50120379442909,370.8223325444226,58.711869569521326,0.05599940741867637
36.017840439629225,13.64853820235525,200.8448271796537,116.73241811586249,0.029844746210936707
31.389808923626287,33.18009656252332,161.6033864123986,59.353806584113855,0.04232208345058565
33.613130237507576,16.934313147010048,253.76956130793985,274.1131862407169,0.03830982115437167
16.66612360856746,38.90018315864343,179.91034820316966,112.62275753750674,0.08771458757498957
13.266785172840992,7.412809375199141,260.37595838008156,192.36364107154407,0.09062460090204104
31.894979428327897,48.52123120884869,296.9550519253386,60.70074744792712,0.04980274019393015
33.72212902618608,23.235687527798323,290.9417564722479,220.17923739163717,0.03368543908124484
39.691417115021885,12.566472703976734,181.09351045704247,132.84894582153984,0.011573269696234002
20.91007449962136,4.60134061917062,108.40107059456349,278.8714734872471,0.0953868850588274
19.590587788265452,9.318137349289497,200.68526846177264,276.3820199892451,0.0069624675451294485
32.7334212241149,26.468923479244864,99.90795042866806,133.42381706388392,0.030467377479259768
18.57611505822308,17.51315564513303,361.53396231433294,279.6440675053788,0.030508553915830412
37.74961308211586,41.61528492824787,171.05711125825007,303.8240490686898,0.032719727327881275
35.39841443489789,22.11348865942849,104.06091152816333,260.4555786874828,0.01726439748396852
21.442305889688097,13.186999356793866,58.90671596701281,265.39732232982817,0.07853298166144602
31.903309703223666,31.240104343597473,276.03783520026946,114.04821897170883,0.013127288334632933
32.02264340775218,35.63208362738685,272.91581110916013,197.2824093098701,0.06385575925616312
10.85152573716781,9.185053487146543,169.2114583034521,67.88300214771144,0.01326075664387593
36.83296946708592,9.213341598127565,75.09916109667785,74.90915595270411,0.0079830281217027
23.920702104555357,2.7968999197436055,193.3701132133312,304.5187234564558,0.09103352086490178
34.359867648501606,37.083698738216384,158.92612327218774,133.7663693541814,0.019822747865551864
17.90161203349488,33.52642185346845,286.9922239072533,240.838713660407,0.08230376530141073
36.604504926126516,24.25691291174088,262.0227373084416,255.6929234688114,0.05491845623960645
20.1490545588603,42.36435199949066,177.607804869139,268.7379108358362,0.008707795441268191
7.852223673109696,40.4778374945526,126.26239398924653,304.19758754014777,0.09558937095236869
36.92491423362607,29.682363855440855,395.81258815445716,112.14010725524443,0.02544915553219736
10.46681699554934,43.54529274514967,208.9005674186402,61.04911002236372,0.08610488918990805
17.87769322168848,11.086219291801644,290.895982523083,155.24264557062483,0.017712190572671854
38.37701392915116,6.484061350488666,99.19353865242627,83.84049013655252,0.08554034533204344
38.394732275470574,14.21773096433249,219.95639488078922,56.496175847162,0.002309652477624105
26.1367313640068,3.797255948376428,59.63785195431292,142.34841409393746,0.05166626520037859
28.034709395518476,27.02730687205057,226.90929126865748,249.86951577311004,0.07717481536273413
22.074479464295393,46.89367892245311,387.4060924911958,194.609895571168,0.09354475623178556
17.029350080187097,2.9278334927569727,184.47234954503008,130.24560925942993,0.09101101148444223
18.18159772452227,6.983385786491313,63.64860440121905,217.0028693951508,0.08214286208521684
29.356849822503747,23.15775238588833,60.83452682177023,109.73261779843793,0.08893094361646911
31.9521722067246,46.75987585886734,185.79536598140433,54.45288730230959,0.020722748897870576
33.226318921090076,16.491649143860776,106.00872776211791,244.94576015485256,0.02913424527546115
33.162589640823,25.85450562573123,58.17323371486507,209.23074355545833,0.029607883967184796
10.464198349082437,3.0370700934692128,314.6747648825619,244.42486662324382,0.03832833916916818
23.568659902833897,8.268816847142354,210.48305310866175,60.69025623866706,0.03993874636813368
9.370659700540939,49.3448760249835,151.2356701904291,263.42838546898565,0.054910977140812875
25.359688675521404,48.290816125366234,365.0291140557683,208.15965480922102,0.0168280965732777
21.849741294634754,1.242059065786071,90.64863607018395,193.90241908101058,0.06943341971481294
36.35038593964474,47.63877748573871,384.5715901343617,209.45196822109102,0.017589087391146143
18.904737907942557,32.31687695295952,159.88835108207348,270.3660447045645,0.031720539728350206
11.30467803389719,43.527996431481085,360.9412853080384,199.88187266596236,0.050831167930009254
12.147229666717166,23.282252926059098,261.0300067678115,198.36139649159753,0.07984761559082426
32.24909553081785,26.26420540038326,339.34757590952063,302.4325058947045,0.074207454090634
27.592087057778485,24.953482432589087,394.4046071236625,243.00946243541625,0.0649079012846417
10.786486973990684,33.67634861975911,150.94190323656102,163.14262658458836,0.016421552797436848
10.233471198737416,7.842911483059332,386.3974198926575,230.47883800836365,0.0551574892159422
30.2814967724214,2.4687059037612196,186.31866321584712,149.66453980971426,0.009657203678188661
9.86479770683629,16.088567137968354,184.92916665792282,108.93436747080874,0.03835895450286843
34.21045192693658,35.52935737409569,169.13548648907698,202.40037672949092,0.04193813649870596
30.452872382586126,10.89081915402447,239.49266257165482,286.5582529209437,0.004941332505129629
10.143835370861742,33.99818923292095,103.95076511247049,286.8014380839275,0.028124821847527213
10.257225707768738,48.52569025925625,243.7990198753039,137.64394063879453,0.09560929725938246
39.5657863012882,5.601135073681501,239.5966843435014,184.83007642031055,0.09540962817513926
19.663800862073913,33.95750379303119,316.6656344117045,104.55551823674475,0.035880378371001394
19.545869779673957,22.743760745923986,341.77748667815496,303.69030181271637,0.005266910785884081
33.91598593586883,43.538970464497766,204.1544726093484,300.0039485984557,0.018730398993489973
38.28557876497541,9.68033968292191,155.81663727302282,215.7752681456916,0.03982956154992048
39.5450345742433,34.93867165908206,140.76721406098306,255.12117115807825,0.09483019009895376
31.9847910209156,42.0676491927574,118.11834284670518,232.4354409660598,0.014978707290181307
19.728436529754763,47.28609675422714,70.17665376965871,201.4621876360249,0.07658806852315302
10.213773292706735,34.47915338619264,169.85679259214967,64.35039123518001,0.011759571398094516
32.7572747676417,25.361563436412936,144.58669224577415,166.31014300837592,0.09814450016173641
25.648138116413666,31.27451476985948,388.24608505324255,222.1957207505223,0.03878003341180437
21.28721530052673,43.57634423945719,245.19808918751536,222.89302992645588,0.07774821935100655
36.95651751557892,28.959877585302653,171.54696366067765,145.57314507928544,0.03491651719830205
11.11391817494992,2.4889659251450063,253.1636603477936,289.9897646111398,0.06313921883872206
23.510315889452922,46.61648607984191,98.71884547099343,93.30868618814237,0.02000959238926364
7.86899345494112,34.7868108005465,205.41531222077103,177.8912993387524,0.015456080910399291
22.731470864809104,34.14915590308508,269.18201249737234,226.284530043909,0.093868349817245
9.329856459659714,11.568082467488141,221.11424112735799,227.87249469651954,0.09184708051253891
11.361582278712337,33.2853880414002,190.6225802290135,215.55429501927915,0.08885942508107536
11.319603020255908,20.299355877053767,397.84693611489433,120.72320621677248,0.06291791156649275
28.599334818772064,32.91041587503311,358.1101667521244,90.47646844640198,0.08101855291041155
31.74645857612626,6.223058485091546,268.192085355804,212.32884301398457,0.007834656754226118
26.45948486565769,33.234419925548764,249.28207641379896,203.0227374994172,0.03414411514717724
38.770607825422616,49.971272562762664,267.2311679386044,96.3564266134672,0.03205660935095847
19.683293834520384,3.3623899041672454,120.45923773785164,229.9053429749231,0.06392888687330872
16.785642804160474,48.881535026844546,188.29821014251152,166.41368590034872,0.036239819573593415
35.72947166615746,20.93849007542066,63.81083651181476,220.41119026720082,0.0157021713827244
14.76686475188221,43.6669190665257,216.44111312038933,263.49123826161826,0.06005024046594083
38.804732531819866,39.3368887188554,240.05860438518212,93.91102085853848,0.08162400814623907
7.895020427419031,28.783796788346724,129.71240763612337,55.662796471196515,0.038830225951537345
39.02106186799827,37.184011253315,387.4100965079298,248.69205694452984,0.014094602794749691
8.902697138393723,44.04726250376605,368.3091138280347,205.66314598876443,0.020472131533969484
36.46215119518731,20.802875760900616,302.7501324095671,228.5084506840189,0.024510847211769018
24.650286045304746,17.024624916598697,236.68532006787692,263.6913636471152,0.030689861706459088
39.77135587387726,33.71207589261565,354.4892058766897,254.7139774454231,0.0646367119801246
9.898388353900463,40.58445115512167,95.72832033821203,294.87371731992147,0.060493602969234186
25.500264243042924,38.35197160405417,326.67842799620973,186.927510028438,0.06991190629513688
39.00233240762071,40.09286879407309,93.6872848883969,174.87789069561597,0.03688769646861981
24.50067993552984,22.343582425833716,327.9737318922919,152.87934877224544,0.08257576753611785
27.955455739396033,41.073876592576056,146.51864888797493,89.83752488242794,0.02120467845442027
30.111832392000057,6.890243713159814,356.98170335636615,196.24223715203368,0.047435034004297244
22.27258460495263,27.67996580008163,380.4147328388892,121.16118117879861,0.0802929334326016
27.895637602732062,1.282174364407957,102.07858929179048,284.81210810209575,0.018835706125529306
26.49021513750076,16.904705665113244,211.93646177288772,198.9304642863828,0.011876448260337513
36.78763534095714,18.956615208698494,393.3455823569398,201.38140584906,0.08848471280111099
8.977007361097382,20.412461888853514,219.19260259060133,140.95086386276054,0.034950036613160394
16.631303661747488,35.07789312780324,352.2416328800908,64.0052954023377,0.06870314236599417
38.38837323248816,20.039346962246942,256.05603274596194,58.86291640473911,0.0035095118221299096
36.43357297645478,22.985987508504003,181.36546777186064,158.32712661491217,0.06931464195253552
22.30884446553567,12.639662412842046,150.02424443405457,72.27960603669841,0.032294029843150086
27.654309428549944,19.289337789837663,121.12808188013055,204.93912670719533,0.006518344505156733
16.514888446886815,12.136211735894422,316.62936698219403,274.56714343247296,0.06137146339326359
13.613937691022244,4.586600264653738,185.28917738805976,275.0603633957554,0.024839577791244155
22.57019816054942,30.568981075687518,228.9464117702629,218.19753417358703,0.039293916963136125
18.983947410846717,33.7424271291958,222.31391800041368,104.45288519412448,0.008977500416364845
26.468823635153342,31.35502695447111,252.04766023159593,270.0011951651535,0.015569161858399589
10.026375701362007,23.711208146228046,352.95200096859327,275.86773256955485,0.030499746314088534
39.16783124915041,19.609503228782263,393.2587702542003,100.7500105780515,0.009886190555455556
39.551849195587096,43.303348829019434,192.65447300083594,238.10622578575203,0.09117180020394522
30.190255705641718,26.435007471674684,339.6316227372061,123.57596542748922,0.0015986572752138633
24.92313190618391,24.479912003856818,317.5847281291512,254.6706393376441,0.048902161667566835
17.55964752930565,2.256461224515349,250.73513300945064,304.0984265755151,0.013201498355122594
33.94833814047583,17.72114355368166,384.6165002641766,58.42660535366577,0.0314602298583169
29.753763108001078,19.629585320506997,120.16608043494098,278.7309299108967,0.09267989642200829
12.785050528708968,20.542316263948123,88.2424736083675,208.94815553405914,0.0170077607741247
37.10513349604988,29.428446092139282,348.88668843439774,298.0391852678646,0.09661739965211494
34.23246039500299,27.146524789617043,203.70243582181192,168.9124174517126,0.02137364332195275
38.368497181987536,30.787349546878787,346.4390989724712,266.03653436512894,0.07441504473821613
31.0858840226217,38.47927981556428,362.5815718183952,66.64809342396241,0.055121049224833865
27.43599386791317,40.83630119708858,71.860157766675,135.9608787198871,0.08856339403207916
21.092898679445113,36.18803073509822,359.21266704512124,67.82220058880733,0.055845332294809966
37.81367570900543,47.8206611017918,206.91166937929776,298.5371559036839,0.05392136269647456
35.64707640876327,1.89339655114172,228.65137115148127,258.31137244704655,0.02035034203647159
8.969606778451155,10.59312129849376,269.3073788826236,267.3470449964765,0.017456706843114216
8.35692667116069,1.3705808739289638,374.2339123555304,289.0431687842091,0.09173242596043592
19.73505942353661,32.72626099357555,56.69063305041741,72.41628547442548,0.03345598168615337
33.842983250409574,45.00349689854936,216.895213911236,148.74178849838665,0.0378361432413267
39.586474202735694,12.930632532238665,290.7027148506962,68.84286181717654,0.07622254218441045
12.388548960864666,46.424692695019026,302.94743519438,104.34144779370726,0.03454352475985793
26.809248248944392,3.9531021241884816,292.38635103798777,109.05890736756878,0.09525418221726127
19.878952840508198,46.787365313470204,97.05229529284264,169.95323160608498,0.07405484913088123
39.022217928974605,18.229511674742085,154.78845593008845,119.01479053322521,0.06014549501476858
34.868865001910535,5.96962059401161,175.5504338959547,76.44843913171131,0.0882086208939305
34.745682903111984,24.807716200129956,331.55302268782674,93.34273662990336,0.005910984926598793
22.732527693336536,13.582051818304889,147.56595534509356,88.20799314223109,0.026449206526731668
20.981633825974118,14.958772196134218,123.74673735352111,297.96150666972375,0.04703859708787009
16.385729837747952,16.057208281388043,385.10680666333366,243.66029675729231,0.023470875407680582
9.33220364115513,40.34826899380051,53.10214978971411,296.61141217846875,0.07464661354291305
35.60347722828923,27.41890255708747,399.2372994886924,162.49408357300877,0.09200159507431879
33.91928279672752,16.25407725864418,286.88745460008846,121.50559434231478,0.04295324187316142
39.99082438179924,30.906355382235,339.96425480719097,253.5664720911334,0.034871127411077604
39.890697204901926,36.091383036936485,153.1167887211676,133.6684951824513,0.09619352248161907
25.551530432085393,14.358576035943155,55.01034718347099,126.84337692115847,0.045040390849926545
32.49209099336659,21.263905974742226,308.25433149653554,109.85652202078913,0.04941579164447904
38.20488622117891,6.9724185735104305,341.95060895023653,83.73846046895578,0.035813337361848635
35.11354019701587,9.876318127199335,309.1666461837317,115.94161749825855,0.0910452988282017
15.538813306653925,34.37477484428416,99.9976005552935,141.05121611236746,0.057326592844903226
22.142684397578037,9.89047903708572,313.6997727899392,221.99452886901554,0.07645528413098282
11.697680992423587,26.733005799685948,319.12297373767433,66.6914699237407,0.08136886511673776
38.50665838590848,35.7432668243992,280.48918048451924,104.2687626749971,0.03484305514980856
27.2006756196536,6.236969231642448,318.14057647845516,256.2920046340858,0.043935738800717626
14.930891178862538,28.798298761816273,346.07250388720627,88.11816859027778,0.0849987056662202
29.330272243190343,13.571576401366825,264.76143998311045,137.83186721672047,0.03696227981590522
27.589167814881613,48.18341688664141,81.01164988938767,270.42336615196757,0.07959957821173329
19.140288336067314,24.69373668927631,220.6697333835238,90.15102903043443,0.09415823993486928
11.190621746487944,40.493634938982744,77.17726713506177,71.81515624702023,0.06269782693373269
29.326128856765987,27.961100565656828,192.6400608613508,173.87265075032275,0.074421101457737
24.410000279373282,3.127214109886139,192.48727119396966,127.61455586474824,0.08070463389207236
32.60034773140828,32.0244174041071,73.10344544908455,193.90572457889897,0.08465892524076761
24.405313786139786,47.61876376812619,172.08718688931776,254.96644218280267,0.040110280447822805
35.19589876035255,30.47897918717023,88.84933457696019,85.63571599079677,0.00607508245842382
25.43697226017078,41.14025411191272,332.8823235032278,198.2975674767884,0.040785750852437214
25.730484074900055,44.326116704071985,381.6908090875648,179.19922513902543,0.0677018667486249
35.99124208639621,12.175908825497691,75.31076634027852,87.39601164735268,0.04558468819229849
20.613193151902905,11.390197155503106,384.2903225520955,209.2956153243615,0.07514735193517946
11.855494924645825,30.938068453698595,232.9018097678608,120.304666136636,0.03634126051739773
8.435436980183516,21.14039502052853,154.84798728385584,174.70991691017917,0.06383966996929893
32.04196080939262,42.153203840469295,76.90172634665723,71.69717036637371,0.019455560680543486
27.6600604189876,45.10113304650255,225.21849382464623,167.53435053226025,0.07518757422785075
30.382592463224768,18.317647585833186,328.08044057176204,128.64172088287637,0.055023900912489564
14.421335249039599,12.606657389749621,297.4802670433444,259.68482764108,0.02120237446611346
11.932072956570018,39.24575024694923,67.57910401239081,65.27259665733155,0.02989920617628292
7.972701634206163,14.46549574185867,75.51564237876623,157.12624782925582,0.07511226214960141
18.8940956612144,41.308101607170244,191.005648921423,167.24158172938525,0.04877752233049055
26.672324822775575,21.76317442878938,153.35167291678016,234.95154337997616,0.02238711259891415
20.247931465741303,33.70994506528205,131.33451306961675,196.6690440729136,0.09675984784665947
21.717934965771192,5.681230377898741,148.35157461804977,220.271933647322,0.07179737696187191
36.88515757104682,31.569106909152076,331.2189601539096,248.17051855554604,0.09575634842143982
18.81830267825726,23.136616258124228,375.22981877114887,269.79955530917994,0.04328339949067398
24.20465839769385,29.743814695598232,191.78594308464824,130.5243761675075,0.04803493372848033
32.96872291408715,9.232696179498308,367.138850746374,187.45776716243137,0.0898975664023169
20.38764042544128,37.10681350226493,162.52349543675868,264.18745192355675,0.052979884684293085
27.71781775740589,43.2770567996182,216.75294522032706,302.12058726512436,0.07102061227866105
35.52682053426922,11.620250204448007,129.11014923559992,276.73790500511586,0.02596511487205747
38.359420268873365,5.690013220487924,274.16661476154536,145.15268470659169,0.04522592040156142
12.279888130193733,2.1582907162704834,392.6433903111831,100.37229537353721,0.013221536715225156
37.61409781774857,32.456603521720034,261.22258361518254,175.10570450127352,0.021392023551819208
23.49377952508499,30.747607768350257,175.2349294397421,239.1769287663547,0.0010933981114954775
15.892942619716147,27.788173222989432,276.7361060966849,175.91254397133758,0.004887240113217364
22.421912077743492,12.365407709682795,93.02223746288564,173.5279392816718,0.097751098494516
39.351058696778004,20.15439379937022,361.0306780928895,263.7105269547773,0.02499301581853947
23.51008805476826,30.12934042412248,226.07938277294272,142.5965598830653,0.0666677602408962
18.184427334344015,25.341576084099298,207.2724097138747,269.187847402158,0.08407087018116155
28.085527765293588,49.401490490529476,255.05267595873173,154.12841944173778,0.055515385464419864
15.304732610291275,7.685547875279923,268.67435197629084,134.1712088422982,0.016161305508311664
9.965558163531577,35.06208314833209,75.12153217927955,166.11343744472356,0.07308352729628048
11.6885909620961,20.811619637110315,288.91602742819083,244.46152750341656,0.06042488959985873
11.661489766127605,21.981781131355124,134.67608811043536,82.80451507745454,0.07339380834539014
12.436837539149566,36.16229051725063,299.88342137730643,100.69048083149241,0.07720491566285163
12.01188311110583,34.92937141489411,337.8871780344689,292.46698571842535,0.09756562640078977
28.328429206104474,49.57154369140723,331.3854776433821,95.37487335486477,0.05778276472264429
13.411102742972208,7.291320183252136,243.37533859276118,195.00273875448784,0.034822470156369585
18.734186708025554,6.10137281982415,232.0594623087629,197.94587453213222,0.06519799113312348
36.64562332194538,36.492602039308316,100.0065864687941,175.1646133607622,0.0077756302150199874
22.90375330854335,29.340958933314045,321.37115264109747,214.5652931385119,0.08984233451383705
29.195626501933383,14.433872661430488,144.99328315635003,109.17598835259508,0.012818720122481482
13.10039581405297,4.891549080460344,223.8433979862813,191.17621601529402,0.03345644095069601
13.749393111281801,5.197254230225096,149.49593252463086,145.33200683271187,0.08175879268198598
8.828230028660563,44.81535285854179,96.8399270498926,218.86348394581404,0.06013392545474047
12.990389549845347,10.401498911218402,270.3451939121078,86.67078001677996,0.03996991650746677
16.554186018538655,16.845206543660517,69.01621218801634,195.80286387722697,0.04787013027812712
13.252840738994271,12.106163709122413,312.02583194417,97.85867026736422,0.08560019192701586
10.382832347104308,18.39481898576493,161.15537834139081,121.57533803121925,0.03466043421992932
11.420665810769526,4.401768294558575,50.04714255156986,106.35228928219013,0.08709531879640496
22.475309961063587,26.433929754505247,228.89519873303044,97.24079608667955,0.009725308666692457
14.205845848188257,4.3130156160185305,66.39816798466109,260.5305816964094,0.07790304528365445
19.33877048406245,40.217468883295716,146.65934523731482,123.36972218586614,0.0849072156724189
23.861061302782847,12.451892013611218,297.4417706095006,286.28944059357013,0.01899994763089654
29.937831930454372,27.460583815621018,71.94136756765306,297.16133743767847,0.04360430670484785
8.777644544835715,44.12387529051146,343.7684723246008,195.90015936402273,0.017384477691701906
33.48083796454389,32.892991083312516,51.33697293050409,87.1222851570945,0.07095380877042756
27.906762658454504,27.11493154101543,136.3883542206658,145.93525381841363,0.05399942903810402
10.157168538338336,16.892353902653404,309.316419653225,253.42399489044635,0.06389701132412379
35.89130528347026,17.3170937398517,160.69455240525735,144.1172450890559,0.020452209728664905
37.428353017283925,33.80486080471132,85.66233582310474,72.90237344890834,0.021962840343189533
9.485033695283072,49.71282869983721,176.08187158014977,192.22336737575972,0.0051082352254807305
16.498523564784122,33.43012030261955,144.63765023458393,265.4606962799928,0.03288468598437724
33.70154159327449,28.33138745113122,344.94916575619425,252.96530233444963,0.05641472147203382
31.818439937468895,36.80187500172306,159.6717711548001,95.28127759310972,0.08593555648573556
13.496933129082263,23.79507500190219,326.12636512160253,221.68221206076652,0.0670258172984094
14.303853008443085,3.9469747874384753,362.1552506837572,106.80808291265436,0.04410423601657539
19.540343340719915,28.55254397801758,201.83609685178533,106.22471377625175,0.09535889132501965
23.246997018708193,47.92363894076363,368.48010034903723,272.814230419517,0.07220527485700735
27.59328007473462,9.589844175525322,182.0613188871175,114.21591399601846,0.09308635508339246
19.489693286017605,34.81023965021262,387.42744577153786,117.66482601557483,0.0532312093539444
22.532378274327307,10.845750744293767,81.25133358395053,50.96596125337008,0.02663152320452082
31.79280548934709,27.255556539180983,290.45674327613494,271.9499346678815,0.006229841950107477
8.692204093944431,5.737146032689261,222.83491415992503,252.1190825551202,0.0728824002969012
15.704200691180674,23.068175876651072,185.67708190947647,210.1415495130322,0.013008996802547877
30.683861541247953,38.05200311586706,271.4491575620103,241.36750404046592,0.030974737698924754
36.59422222483398,18.031004687710123,296.3499820720159,89.42033612582091,0.05371461988050585
24.12951686875915,33.58067449987368,51.52714437760818,167.21419302524416,0.05687724219019502
24.793688271122758,39.97704807869673,108.43358106151956,140.00972438659034,0.06045773650172647
10.983090368542722,46.43171315449318,299.56611772201154,74.61923766928219,0.017459277704620364
22.040901921762277,12.497462010917223,283.23489475237227,174.27714324459072,0.03859400307734323
24.81006115978825,20.5664798746561,388.116626795037,284.6678711870294,0.062102228484579705
15.380291368128713,8.468384653190455,316.363226587774,60.97501623887639,0.0970120675987447
16.25040500585488,49.63169160576039,382.7704477059683,124.83107202742364,0.07303548263226918
19.761735300900234,46.423047428290474,295.88917553718244,103.51539779624868,0.09233777195230183
8.152313927776106,27.45789938374742,154.3182730238051,111.28925003108685,0.07645899377310353
17.967572881453293,42.25963142444464,86.87772278779977,281.5423761773613,0.05957997992034765
14.372060227387701,26.526940886330067,323.63835217072744,169.68953977550967,0.02001031354449811
18.143663945782226,31.555698712135225,275.4522275165706,169.24005088671396,0.0670018795373588
11.392269284125664,5.367097173684814,66.86510433765368,243.98621318364172,0.0627145770300308
36.44213662404658,38.00825060434359,176.01766306534242,90.04101981725115,0.06064444787526938
26.791754740506583,7.257960698126507,384.87993541950016,174.5653999414129,0.04948880093083584
29.570825372195912,41.47731388237389,225.14040099857044,160.01624438674918,0.05333700379493829
33.1480652547385,39.31937629584891,201.45519760689663,202.41531539885068,0.03410981018469231
23.69937146519436,35.728490189405846,210.19486180575288,304.6876566256114,0.052411956571588016
10.32490936284127,2.7718586457133436,123.1089534018073,246.24001909683994,0.02055803466216935
24.9559626091028,15.853289441321103,179.04750980267832,151.85788856642648,0.0807122653386773
26.57233633567857,13.892515925631301,179.4346395955118,260.99847527760795,0.019391918515172076
31.726782910990725,18.646683966104437,68.32425706561534,94.15992428136997,0.009411662699057174
21.528935252464578,5.294494591428089,318.6486699812714,58.53777632247587,0.04418835660935858
11.646359840855823,46.91093332852208,195.77655116635765,102.72988660592534,0.06617243651110012
16.722716938458547,28.13630979490644,337.76296038574816,137.26453525302196,0.0443339656684206
19.30017463295564,15.970691222243154,347.6218003919634,180.48751239472818,0.028398659063179555
28.49231034327704,20.452094336639888,124.19791914453032,207.04280169746477,0.056258947205153634
26.050294901739637,22.912924484736948,280.073718759545,282.09385217246313,0.03535323120580779
19.07314359168,30.429122334670247,215.2986314570436,180.30291842581624,0.09335390132253668
39.56174558577184,26.26829195712839,358.05485827251977,178.12401373493526,0.09234186882075364
27.187681629098833,46.05020668750645,125.50923771175894,63.56172449503746,0.05073481017723745
15.20987073141982,25.351210662385682,287.2346201085155,59.66753437468084,0.033460515407807596
10.807930360163121,49.61574272634232,262.71324278845293,190.79463032675852,0.07397610898170727
12.467922023490791,42.71982292950969,153.35551715014148,162.0973677650795,0.004634581404823597
15.493626172496516,11.217015203509455,97.81031627791042,263.9518203249958,0.04800213159832148
12.72214463093556,46.599165517551896,278.07391616704683,91.61261451680868,0.03429601603276302
13.563428281667438,6.701953496388328,308.50911034631577,57.142802177730594,0.09213305262515292
16.765592982550032,41.05503571606839,160.4695703171725,164.85584705425197,0.002188299699995572
13.134641847079532,19.650541380352426,275.6914114078098,111.1195534150734,0.05572867269611656
36.64487630035882,44.020741701808404,188.29581766402615,63.40205082806471,0.07432569452559598
10.107596734003373,43.534777815265066,299.6224091489162,234.84796485929775,0.049016780764880086
24.546620161033278,40.49034460576344,119.72534621291858,79.14462198914086,0.009454899986109443
20.837896877164,39.71149137904601,361.57525092266104,205.313153001974,0.09727367761276233
39.42730504952971,15.929277815804,150.5933587629529,122.18663654238985,0.0522830327062337
11.141264320461701,4.965044869511357,178.72509571465352,94.8679967901756,0.06180443818758213
20.430306968986603,20.746028759492912,70.33218322812243,147.2568868215066,0.024424368488043226
39.00778908144949,9.502701234338925,89.02927431244674,254.36722716063025,0.04886631042557358
35.62898159155436,35.05260335622062,230.55166594931484,150.39176853376148,0.04348579970387387
34.054842305851594,17.95888660035149,143.65743685479003,241.49549089960817,0.00841468835819639
15.881841878960545,48.80489984213583,342.418079009768,82.67351938698427,0.011509875001199255
13.05384659017714,32.40763178992127,55.14268602923384,247.08394059493008,0.08390977944225869
29.23090464754401,41.30154761808369,182.68291703517767,110.98106452628875,0.024742175268452436
37.70471964664654,7.4937089643505725,168.07094136918244,222.8578549917737,0.020300868878364426
25.59479402295272,43.2387096313585,56.764670821160365,194.50851492961306,0.05098623367376379
26.077412407771746,46.215102335156324,93.52893965017859,286.8027581717686,0.07710596600488878
16.599320543959237,24.86603402212786,194.77493622152235,149.17991956572976,0.0071327053393198045
32.508520328737944,30.706393949797896,222.50260455660631,67.60595796394787,0.05810398404418733
13.578921828119508,38.475680244246774,191.50141153920418,55.665493330018236,0.012801833841216765
18.019575183137917,9.567092735760214,235.82818744423284,260.8220744870793,0.004609644031736228
21.326684255033545,25.62573774670868,258.29608621698856,184.08285196600377,0.0062216512640595216
23.997337307244788,20.53448836084334,53.47333739474247,247.7119891660771,0.0835822467126357
15.378316303490108,8.172325615950207,212.43330580872635,110.34410240292473,0.012679275879178095
11.232196804024115,19.00918669228504,387.2247343106559,138.45127136036137,0.005469985076816904
27.34515137935306,4.340443159889185,231.66129804534205,58.446383541675004,0.04435208882714832
16.88049298030831,2.2647834405248624,287.1397936106336,295.0190504418245,0.08455535372226046
26.390242196234897,7.623148168586315,159.15235027090912,220.43844830200658,0.026978429272440894
12.516788246411576,48.192640467869516,320.8969823534669,287.8340922908638,0.04274954913506573
23.137053310281566,27.926947258855833,320.5225186566403,118.23608748698437,0.0049523307238113715
24.809156557926542,48.32528589650778,232.45361667894863,206.11175725131784,0.04545877289935271
9.184264946728874,22.19239603817647,391.60483814772476,223.13899194633,0.05818369498307624
18.43963904130242,16.278990521177718,93.94257516692869,131.45762386542748,0.05751979832146234
11.868477000516663,25.80095127917196,55.931682711353346,266.21974569397,0.03391024252526215
9.559686540364952,22.536072743012596,319.5553741149836,291.37901157666295,0.03223778488565042
39.67370755267322,6.177569528825452,332.50443807770887,275.5531998947851,0.011555738274723192
17.9764999616785,32.400489419820104,92.07253019220168,238.52301188860065,0.037313033743980574
33.82091949027563,11.58587094297038,142.95399153551213,121.27602865013831,0.010849972218423501
15.775821279822326,31.35980978999365,56.14332717832012,122.33047469483046,0.07689299852649312
29.648838472277703,32.859853527509514,152.65801377319764,295.49352139329363,0.09666115547707041
32.20740544641481,8.449217803303757,320.59965587153505,53.41226196766577,0.09703737121000398
26.85825906975494,4.00613172842274,231.28618469940264,232.67669320350467,0.086642038838164
22.826226127880147,39.25731771735355,171.83345760890083,230.18652528903658,0.060478422784622295
20.884829709786228,23.53022076469669,180.1087532172156,208.96314340124854,0.07038570402714411
18.83821866264735,3.8500259797683136,50.47376900041385,302.2876469060639,0.029235374465360994
37.709697188054335,49.74844954131859,154.93018464783256,130.01737668398619,0.06344627159708945
34.49513075310119,3.8312474888219654,276.2605595732757,137.15285340348504,0.04610930539454787
38.86337459666166,35.05672621406911,390.968055335725,70.85060834842511,0.04871971663791632
11.539659763280204,49.20026733790726,346.4712894443648,163.2707266821093,0.07601987947714064
31.25319294411844,12.719825106580355,58.258237625935195,117.10632566365142,0.028909917204127916
37.99606484668373,7.970219065672612,364.4962116361938,138.02022235312162,0.03248592155775747
13.390074650383955,6.947862031699016,324.1194446545191,262.78123472492945,0.09253953732173503
9.661128689420268,15.860482230812181,323.13164324984314,288.4130664359839,0.006566205190246252
31.58642110192692,5.951244739521687,210.29851565125003,97.97620028931715,0.0490777955429207
26.170376178347137,34.915905743012466,189.30185253407598,145.41726861458034,0.09136727924037831
34.85943524464384,4.052298108373072,156.02050509161742,286.6721627773101,0.061425937773997547
12.042602240354409,25.961684279339696,72.99320063402803,66.49934901506255,0.05509430034700108
33.34618763544643,49.83814583879586,129.88237722279467,74.25957414029014,0.02572467374370617
14.052887901551697,40.88454320579492,136.31127224230863,92.14891125838226,0.034984273417380383
12.818818143135395,31.145752473319533,219.42697439857056,201.9840598682262,0.08535279316466461
12.838638432757271,16.00642741854397,311.60554230884287,89.01995683552335,0.05636259504507736
33.97367840751992,31.570895978290284,215.8334399392813,296.6914008884863,0.05195947718192121
29.118909672626504,26.82503173167093,70.24555730650621,164.26548992366418,0.010858391640462865
24.49962630499638,21.878085810628203,385.22643034587134,178.18556192894226,0.002586787489057189
19.16199073401383,7.404808460269774,379.9535116829393,113.45128841457324,0.09640483368001787
36.00901757642602,44.44360654678287,324.81634010194296,170.42390411842229,0.03832163056139733
20.254465991235648,23.039447792244804,396.9647655474772,218.92606268980091,0.060718093147850934
34.03948178282626,10.536503079217487,240.568816480092,241.59899278632685,0.008891792245541215
21.771884528532098,19.02020819298719,386.96892258862215,242.28249300831789,0.06862831428658162
19.750693956309497,21.292357873917425,76.46176421586277,197.58434262429842,0.09332410416189013
22.53709303426221,41.54935688277684,177.98826189147997,280.5073828484397,0.05799086004674455
17.294780910334616,36.9471046475087,128.88344380236805,258.4215932157518,0.013485416915165648
31.79730485572816,38.69593978842565,118.5415794469945,243.09022113345088,0.0585904312198742
23.83841267800557,1.5405319570037135,99.28103211243663,64.92380250683699,0.0768683740973606
15.046912592271562,21.391545910808315,267.8447745480988,52.54700240379092,0.04123523712082785
36.736173631423476,24.585863430130857,323.4626495115568,104.76160840765013,0.08810393704620532
19.97646469462937,1.9404215643297777,252.40443979712623,219.3349928540169,0.06521961238237908
25.16546798620463,13.730847228506677,101.43694835587338,155.24416217616664,0.09002564291063106
36.96034360634778,38.254201332984614,333.8933194767148,153.01118986202516,0.06272702581348638
27.787734867204744,7.718375580720954,272.584147507305,275.4850696103219,0.0139975092284776
11.299186323021832,27.23019644117699,185.85799714444843,278.27296342548703,0.03165947939941372
38.04454401743794,11.544891728844638,285.945603437622,281.73051706961076,0.020977699876993237
27.90051172482108,1.5939179575507705,140.9667427349915,130.52503143481692,0.09097382327396937
18.3844324763553,12.818871422377532,170.81727297297368,226.3281764357725,0.07627960666146079
12.026342361560086,48.81781399059263,371.1200450961966,119.79482804368989,0.06796343852209061
33.30581865128462,40.27531848226649,151.67657698499715,99.21489760091023,0.030795665643530548
27.65236456767669,48.01925557173064,214.4958938552778,97.69664416623178,0.01922043243297114
24.83748548923045,24.90484815239176,361.54939808860513,137.69533569935288,0.07588865771090228
36.55150894915612,6.377073735197672,297.70247259363464,160.00923542407472,0.04794163664202889
33.129409364797255,27.850014959710954,71.77112915764596,261.86108944798735,0.023353165662912286
12.429433591314414,23.264489393438083,101.55606549763962,81.25233774206887,0.06204557583836224
17.63096720335532,42.373497054241184,52.74455677017089,237.47116523830312,0.004993051361706745
15.575897043970137,5.806046458427985,270.82262658020716,185.78954820408353,0.0332908551586971
31.678254508612003,24.923815714067132,206.68569889364642,123.93811703970209,0.04738714246452233
8.58980412891283,8.352384570005228,96.99619781579644,175.97617447133746,0.01564787507683118
26.021414758317785,16.90912041761294,385.27694236986963,126.98528572336375,0.09848079328149312
32.27990728657244,37.130496792002184,235.38090338096697,202.2048166305297,0.021700639094371813
35.99488319475685,24.32488833906956,134.66265293951122,160.996356405232,0.01390495987428329
18.61765683326699,19.418525972142696,225.21124990414765,92.5590043860352,0.021149952514802745
34.19086240184042,20.32933764993173,287.8671164572877,80.41210093714696,0.07713705218281271
11.095531451044234,23.512891651893344,76.68372629074757,189.66070324632108,0.04312506026791244
35.00969948137184,39.46581064801579,146.1463352667622,280.01291045467025,0.056976178035501264
11.64338152578943,44.71214975807148,332.4379218093978,138.16525238565214,0.0030799065416497137
20.411836943211938,47.811399638692485,210.88270464093142,236.9820272345463,0.004408699548758142
33.4120993878355,39.55826592650946,241.3019997113032,218.0999841547008,0.045136729432874605
12.372316388835149,16.454937891652623,201.48560077331425,287.4149482346082,0.08184886907696073
14.950670345060848,34.71860059824056,65.36497992505178,259.32917839398175,0.08863864899204896
30.973208472774655,22.442553078714205,108.01242293705457,194.71773576198757,0.009583950191968383
30.901187437747417,13.478860480256508,205.93957355966182,217.68574655146324,0.05429794710800126
28.337298068772164,42.202707391870206,123.21491289277473,278.99016251234485,0.09140973894164778
30.05332444518075,2.882891099153925,67.49266003088755,152.27777128508143,0.03940930268539075
25.138544408796875,45.186337614635754,345.2773824181383,133.80585528787543,0.0831270173114085
15.683469414475965,23.612395766611975,393.41738520744053,53.546015243339866,0.014235869785544183
18.735119788877384,32.222872363605745,327.6000058988588,260.7439728446319,0.09360405447711208
13.401925796046335,33.30834218808335,348.8247225966335,254.24909790245465,0.07539090843559897
37.02464324334292,44.86076929462028,134.69199561096588,77.33144759743845,0.09419210488590327
26.460233329898916,32.19681442619316,386.2194414296199,197.32177480770588,0.06798510612169814
20.527671044818298,31.082745653243027,118.92399655869994,168.6513513343894,0.036976989267943274
22.515188618434312,4.2659499874738085,383.00043362664127,80.95211025931431,0.09387993607994753
38.286708537384,26.401993075315,398.1867528880829,299.86432967342375,0.02828111085460867
12.483920601272606,8.358281040035042,299.1029820111171,105.33275541569228,0.03388507968411152
26.55246954054591,37.13425466735279,393.40030612713764,67.87748174300253,0.0703800333821723
23.941382063745145,26.09887411982105,249.33892284848628,201.89123439348504,0.07676631365301324
27.372262651626055,34.33116118120931,140.83962411163162,238.4721359917903,0.09301094490106623
8.088580974177317,3.041972129516829,202.9485599829673,59.04063529598548,0.02127543849656474
35.84402704068492,5.154808786244358,257.7463273825751,218.1142802366636,0.08000180548670317
37.7938441807174,36.09984601507143,75.57854670945525,186.00213649166943,0.07411605928629939
25.86682846664929,4.532132463934995,267.82014261603615,77.0293122542623,0.007315661069106189
30.141151775999,4.491579660497671,393.41224286680307,94.62106474437596,0.03933509097981049
37.481229888262106,1.593315286509485,116.53767742430468,195.06547151828443,0.028993780248949764
30.485255615185455,47.86856851667453,327.4082907009342,126.07483383237525,0.03114455201104901
12.457518894713495,37.13790961349134,367.7645778228668,289.1321950774343,0.0983117410759154
26.22937170542143,18.309319016601144,380.2955574870773,258.7600182889489,0.06463496393451286
27.218239007442815,15.530243483095106,386.0474615419065,300.6260704544704,0.07204993962155647
21.284246817327546,18.135458257546627,232.5108735525152,116.75639309340515,0.09768514609418591
31.434437657803493,38.958023027877914,392.0577677970263,297.10980273068617,0.038342976463306234
37.86692797999298,33.407159942450306,315.0585724970536,160.33340292705572,0.08038217667682779
37.58097666947023,10.074582825505928,106.58500268293666,139.06977400969367,0.044018565367145046
22.152279570634292,9.531357431370132,216.9150372637895,63.58877985021572,0.087083833509683
11.180236489824546,5.821386835956469,301.41591138020135,64.20237549633906,0.018885096589819017
39.507338966275874,33.35483326536557,136.56911053667915,226.5708590104503,0.09482093152936369
34.76418780949286,38.454260448865064,274.2153142421106,167.11396458624307,0.02265839913267709
11.551537139106173,13.987274987925197,283.3101676663167,108.33649301317084,0.03329583019111222
37.4273611850646,2.0263030905147277,106.94491033299806,206.7484578066091,0.07586303117657127
35.77163176701917,5.02641170634494,247.7798593584647,115.02596203552824,0.03998175901497526
24.362236856597345,48.425141707406496,320.0694188425127,197.51846560348332,0.06121292629987822
26.7164516617102,15.476794096393593,224.61348258757968,142.03902173360336,0.045012776605873425
20.467587875779234,38.69193424406855,54.2360908716376,259.98226555940204,0.07449462377188841
9.279753261716019,31.608514873858926,53.16346417775226,259.25682483476197,0.023604793984492476
18.39391035349178,19.7150423429919,174.96027038950427,172.04700112308993,0.006787340736450824
33.59273707943537,11.0786758475822,374.16792395112367,139.90805377109396,0.03069301034983356
7.650540747649593,6.947934489810915,130.03687286126308,142.89018832601,0.047956557821974596
18.338723079962186,31.135635433904465,272.0272911050905,255.45148951972732,0.01763398516707518
20.440482541705656,38.95705525125161,127.7265547426622,134.15758863059347,0.036124931675982484
24.965357095482492,32.55130842351541,162.58449638084204,103.90108092153889,0.04059831881106329
37.395307533414716,26.98480452920876,346.8147313605194,72.31083883632793,0.006681792525139081
18.75624481689374,3.055609948150177,305.1015047944814,169.34005270463973,0.05874741757023625
18.7759790616274,48.4559501021248,83.38974705962372,173.26155312563984,0.08854999936915747
31.468790563566824,40.13699539107415,200.04570734525177,264.3908124423384,0.01602254838235219
22.19708307891873,15.348279798347273,60.20941727584256,106.99462889730025,0.06018299332674989
14.799656745549413,49.01854613858368,218.31155131105314,147.57178351177356,0.06680918128617379
22.204284274312535,30.49219789217978,281.8519040953738,256.1350576789975,0.04251413336150955
12.077853162343494,29.538710252155077,91.47591825935305,260.00039713023926,0.07040866114906273
13.232577061452258,37.65558579204707,151.10972861820798,148.49121329860714,0.041662422805610194
23.69695261403309,40.77671961641674,189.24281892575493,167.41750191481694,0.05095909150976606
21.115077108897808,33.16745175924363,371.8358586296174,127.83461627571786,0.001727951410888271
37.23249178471325,7.276691571943801,397.6392553980374,287.66893911850525,0.0694802912993342
19.277801721290576,17.57510779373042,65.71895464846556,80.9355164983614,0.06647292521552772
26.36912138403641,46.476098375976434,316.3527732233872,287.9723534423734,0.004801686855308112
28.04858935738474,12.006164980348744,180.10342324082012,224.5020787661772,0.037456760632118176
7.925569839120843,19.236184168038154,187.360365180318,185.8193267824297,0.09792415223837507
29.064964590543095,22.171767264265604,313.99274067145797,59.09540143926195,0.042652919694293065
13.28616892326692,22.530844495028155,371.44925125089304,171.6014327227901,0.05069259510805233
38.73478531775729,31.03403954223175,382.82500807589196,154.368018670694,0.09108308565781215
12.331538651976171,47.21071604949067,251.99290511341226,91.74957824168112,0.0720089257107099
20.97528402112827,12.793942879792743,174.99240575517598,217.52803928916683,0.05862494298129814
10.273864212555925,6.953567438744985,325.64218005057273,297.4723304715446,0.07998266345276618
39.89841318499329,10.676054003136928,137.8504841418051,193.59595801038938,0.08657226037914136
23.821337835765384,44.459320110254204,247.42591009173123,232.34733221676225,0.04623191910198942
26.85001306290142,32.6447298201051,175.5024615337056,68.18641495176826,0.04803572812825171
9.679985515123892,15.009432672718846,279.8208757977566,156.88741693751666,0.03921904262953175
31.87371528797328,40.98140000946225,134.13961951272742,80.35505523178195,0.0967039078618276
14.321931775606537,43.207129821808365,117.05753100718901,206.4501422262736,0.0700194591747447
36.6867644068232,42.47920259582362,371.38368033640296,289.17446818639525,0.009239083554599157
14.167038315665234,46.02740014833817,85.63128903233792,218.89154404779617,0.08643300270798883
13.697350921569164,13.359809988494717,227.08526770722608,70.30797427186306,0.048575434142790544
8.687864205063084,37.997054508567636,127.29847403705313,140.88521606621106,0.00780663673582626
22.842175716074976,23.56643536643286,63.62548716398361,190.66849837797628,0.0554220082611678
25.857336831035035,42.257929091613015,62.60658640199924,153.21477005784607,0.042299263618594506
9.635530781421451,36.69604318091905,111.32762023703957,262.54557866069376,0.08789719108139987
32.70464754258784,39.04592487848651,353.36962407710007,257.72643519633726,0.021195465757329352
22.2318871293109,33.151930046372506,148.86756039195933,206.20507910621825,0.08281999633972612
24.542683753146353,9.694009704015636,382.6607097013535,145.65831806370713,0.05621118042735982
21.824789275492414,27.706319025949977,253.56780254621773,115.65543893586401,0.006406420018133436
20.524799478448095,49.2488172367009,202.81496641906813,77.69207682613484,0.09721268483122299
25.68831076751708,46.932015258358824,253.03109213430912,140.9440116055847,0.05174890916621679
12.545307992748157,3.115513054053572,230.84443482919372,155.74581937076076,0.02979680856892667
13.412664241096312,9.07592597074242,315.5716888150638,222.4590229764347,0.047471277356936556
35.508032682939316,7.454709899273533,148.87362309049828,217.97259537158368,0.08592792056823141
38.248752519343064,36.57301558927948,173.56763706010582,68.60746746887926,0.03118540931412129
19.63255277909197,41.07148116299031,362.9330058866378,151.19586611951408,0.020074963252183334
16.299201877165498,11.462056949222923,381.2597796026419,96.97183227320993,0.013778053446157266
28.429985155268014,25.786781954639622,362.39537962026606,90.63042715046865,0.030488080440630914
20.783860560688133,42.1944483725488,196.80679788505975,260.93474603326047,0.0782247606169643
8.325056558961208,36.90727569354628,323.1279260524086,61.44646504592941,0.04769101015433091
12.574959414401187,27.569623069100565,216.71750665538457,157.2724504791388,0.02352067876566046
30.76909743754042,29.92703683247987,224.13894825113576,93.52372856469562,0.01745231496136517
28.91502811207992,25.909666798897717,121.63803817004938,274.1498747823324,0.03394021817452753
8.380619756363213,15.579874114622209,256.89560614048077,192.28829037185892,0.09405251291568519
14.714095262820857,28.68607765009179,115.14756421367177,109.5706816397194,0.03495964454641241
15.00993088911232,34.75537980045444,166.04764467351782,178.4165309402596,0.09882428351950891
29.336514166958672,43.792822877179574,349.2605705669773,236.5975353645914,0.04903781512077027
8.140592477016835,32.17827634498316,122.47653322379932,294.1619742655362,0.01873722791072494
10.88352891449865,38.29495531511474,74.90539981070148,106.79328507833641,0.08922286908755743
33.497272774628655,8.843510112774077,74.1526574144857,275.89017012085367,0.04657518194034786
13.302701516765843,23.616316246569706,379.2745821760878,288.11324499854254,0.07125746300694792
28.714248505185928,1.4572493715275714,227.42215328664213,283.5708183111448,0.09838744673770602
15.24094038401861,13.087264361559528,193.29422513595642,212.1952466429251,0.0059673596816774265
10.731845264678718,36.596624040537236,333.80750335277145,210.77444622641576,0.010572761418969148
15.403096207482257,49.59868761611881,342.5390747686806,153.21550082869098,0.07232521740481286
30.97367528530892,5.8597268797735795,166.26686159046162,241.90906210516215,0.02890067532625173
35.31013521345429,20.673221477203125,292.7663201158283,185.7486806611367,0.019245838298059807
34.48214559842722,40.20347746625882,319.8929855481603,222.86927009198678,0.00489682610215322
20.40846471259978,10.997746096816043,279.1277404030841,159.62830757759406,0.003162824486633979
29.212766938546,28.199162515812027,103.05827618003478,236.60010186695735,0.0776740747088593
14.16198960101418,36.92049350545407,356.5590792309699,260.21576547155547,0.01430890930958545
17.02730123348293,31.18328706274877,238.68309345760304,87.99480917711529,0.047304340981143944
36.63091410193639,10.21321199615539,148.8653492295013,262.36414775585393,0.06098378470276882
7.922562514098921,18.413843865601233,198.82986490319288,188.03531907473803,0.04340682825631578
10.279027252770213,39.405797439784465,63.14988163961758,265.34514090891696,0.0036835585812870775
14.256303292245889,28.157099192468813,94.75338042784614,160.35063341061772,0.07856664875620298
8.362296625899141,1.2562510636027242,317.9413626805513,147.0762832872909,0.0020408092296236953
13.396651640418412,38.2885472413766,50.00407216437815,283.2254260593745,0.07642709954337092
26.448850731514995,2.7302563920717144,195.79803996880227,114.59699395729393,0.08943714488502415
21.196297894256183,37.54095535383038,232.87856337995595,265.22993062268034,0.043851152184660055
36.51183061000168,10.921547448096634,69.1220470003403,173.74122541738865,0.05401870483668203
34.06691575649933,47.94560052584963,390.5773570403165,181.38024240801997,0.048221355869147726
18.60906393018097,19.02909681380214,129.14386593738516,129.15094349832896,0.03953165324372045
15.931261586517005,17.019649200565876,156.4695518726983,196.35271895722997,0.08885502900166567
19.840003265436174,8.295514466289788,156.37987928925958,133.40364385415768,0.08949941755632906
26.684585631731252,15.974606559020529,130.64583174107247,60.774431217379686,0.03424582009951192
16.212068326743477,43.95588732958183,50.51583773020899,119.88764575746643,0.06189190564745511
27.784839505096855,49.82038254373512,305.2706779307987,52.42027702527403,0.09276384865244056
20.805878696215316,19.047166994835568,388.39592492974987,299.3021159124416,0.0962437913951938
25.441533377689357,22.981920916772587,128.50271914976577,296.09979129421583,0.05138694500178271
21.67411219689779,36.381475971934115,282.0665171311979,151.16944555796547,0.04582965572314836
17.070137185112323,44.42359324278865,309.6637144355503,235.8061970022701,0.028590737276924055
38.32473247627009,30.059172375152425,346.94888268168364,138.63474899624794,0.09592831544585059
32.31718831019222,20.184759210713636,197.9202189547632,221.2576618998379,0.015138616142813869
12.053678212409707,21.218470201582562,156.02581697415025,255.37923093367868,0.05840312802872478
35.72520921668217,35.08528917834354,163.85329690806088,291.27608615182913,0.028972476484345252
23.34151394310919,1.1576949166096555,299.4174665844795,152.45391806581668,0.028621820744431866
36.572947374057975,31.359877535532192,335.87281327697264,249.7576876708361,0.04109189015024266
33.495295818287744,18.419157511626512,113.56488871481093,118.34582646055817,0.0998805006457498
21.319438895250087,39.91566923257713,179.82935285521782,302.34440516358666,0.006441664377142385
8.230252520403816,5.556541351333475,365.67906886220254,57.345478086145185,0.05827564000214962
16.232014180010747,29.821911080471136,332.3427318931587,204.0963168512847,0.00917464364549244
25.103111976478175,24.567671604420063,394.70044096686655,218.31451933943708,0.016297562169061378
28.088042144349785,32.473950769356144,313.9868908887283,225.56357149682873,0.04451673123551697
15.881349776579075,4.1778261296654495,187.61832035977278,81.37844501242861,0.05153555300329769
12.029072407366783,29.41920558397843,256.7232418981232,289.18656500217514,0.02662044842808788
34.63523269597722,28.512744810016663,281.3549889865621,96.82055287872103,0.0323292559565672
39.493070872865445,28.472344626392374,77.45953571099338,208.97936442291962,0.009609735005337374
24.584930924837288,30.570895663226285,240.57393568635277,107.35972409726358,0.031018758600580804
13.079576790069865,34.146928924091746,298.26228996541334,128.8329699234028,0.09668928549867387
16.34998811187949,40.44446098435772,108.56245640037113,189.60046959894356,0.0945260307855757
8.097696987792668,14.221215286282503,323.221101098945,156.76712831540243,0.03415295072356152
37.21471121321622,41.42742109882304,254.32047317993909,91.49730264803259,0.0575145396915974
11.326910193929587,25.41452843090923,383.27762499415815,94.21784621489546,0.0910499437199835
26.23678545421324,4.775855677582227,64.8478043724121,157.0087761933511,0.0016121984414487708
16.406794672334193,3.8689955329549806,142.86414814441343,243.14987648197717,0.0812576734634216
25.510785081763284,17.37767761610698,260.5438577549384,278.8830202993383,0.09488858572610298
28.671162621435588,39.45995187846191,153.79596927207575,72.16842621388324,0.010041247699022149
34.46660862048405,35.67636580230487,300.0484574249348,150.64839252008787,0.016983320917259185
14.208691332219605,39.642133268947916,315.65184888267584,76.26237318561066,0.0961138839743642
7.857364431400615,26.34618376563886,85.88058742326606,55.01449008067986,0.05421647422039429
11.948782977236236,22.569750899819038,229.8490624723687,218.876545391565,0.0024054668127006466
36.750605860063416,8.225173808607913,228.11169445686957,203.8221582595133,0.026505567877589387
35.901427520781745,17.081444926856268,179.24826957543937,92.20685490898109,0.04554442375261711
26.91592582053502,22.26694894251989,376.52370189938523,110.18845960563829,0.06959798219145201
27.016797964093733,5.341421054301245,339.62721195562744,56.821769425707664,0.07358287743554316
29.113691922753304,11.809985682849351,294.02328366837287,262.87659024637856,0.09954672977962016
13.199566555262113,30.313039409123203,300.0143225072492,298.37141139633206,0.029463608738992144
37.21838824256119,37.0474925977203,211.60065033459168,85.20672234585146,0.05428379008497905
21.110042058992377,49.91902805825453,372.34808238380157,109.59470429638571,0.0537990312381009
19.952002168108667,46.722553235834326,293.1083995386499,271.3760190825212,0.04115888068527652
24.36482542169222,32.48569477722438,305.14337157953577,286.1218046808709,0.0177470274903996
9.026393920189289,21.64115461140953,351.59181632557085,157.38535523292984,0.09776819975520042
12.904209484572581,32.172690870703406,145.92505626976686,63.65810795634482,0.08547840147999203
31.48609253385704,39.496929285931365,332.47481635334606,60.80552575797613,0.05033496980112949
10.19095670756661,6.798473355245979,118.33421103477221,196.58326598152865,0.060721296845718954
27.102443557657615,21.085339595118125,170.86968328571075,150.59535765886747,0.02349884430240657
15.473846064642931,42.15031199614524,167.46365899444493,58.077716604724245,0.054834919968782946
20.152107456364238,19.807814644719155,392.4839139361992,198.9461076473894,0.06980204317902611
16.882546445047744,29.02174129013214,349.7880283117744,53.67084429361171,0.052001535810272295
19.059363285110848,29.800698682247713,295.4094515565909,250.79247736991533,0.0990382318879092
30.86899191848798,10.039336403548328,304.46986656538655,128.6339369666564,0.061522823968524896
17.156455757753186,18.74953664096213,246.72547804089987,61.02553276434495,0.03772639754662474
25.908150809649158,17.391053148354676,381.48173348798167,200.24146412972095,0.07744305073396798
22.97163807147074,2.283638718071175,223.69056350882653,151.8118412659959,0.017875788646582565
29.069312874286066,2.185396430676407,183.18119845446307,298.145304992716,0.03906706555692039
37.94696652805463,41.7531551401129,107.06236792605685,189.02646027594034,0.035348936087381
31.308593159333135,14.380469688667809,325.1719782913703,120.7107519834001,0.04374890241566995
14.485562304199595,26.385859545701955,307.055376226457,230.9974716170296,0.07839620276694391
8.513451889491751,15.637553105849879,184.5242634834472,119.75896864584867,0.04893313018417734
16.023581439744316,47.09328301065168,58.817694885730276,280.47779601752154,0.07960743057633031
26.840032747758283,13.705541184422913,343.64906470130376,145.97938050887362,0.05807240141084673
9.171338938238137,22.053183824207817,53.996294208925775,190.4666149451561,0.03486487403109798
23.63190303404018,43.76378227374549,296.29492287016785,63.64556837135413,0.08118789562466378
26.897392589798898,42.254744772798624,389.58998840412,159.03479443986663,0.02459067738475607
18.362926451551225,10.118969474467589,203.18146485187123,262.2203390738927,0.023213915000179757
32.55464662173921,40.32952217998981,132.24069174858346,255.43479656228885,0.05094578948142874
10.964443226847584,23.45115745015674,296.7048535151836,107.77691394879567,0.026824075350246803
9.941977906413785,24.665474732182407,335.9948497054548,108.22408403668291,0.001899616460170416
31.166134576617107,7.540518648381245,241.25061062724657,258.3955493021621,0.06518145520258135
23.60346777670145,4.949474174099108,388.46234633965116,287.12119872300866,0.051598288325767405
29.87307788390142,36.669026041714496,68.08405258028638,75.0216740033429,0.04510626363482296
21.631888504621752,25.326596465409686,226.67845940658484,165.11489441426122,0.09672988294721323
15.508066080270972,22.405684428143797,301.45888156289254,136.51338685691417,0.05754871921232846
34.12082532441149,36.74590320396744,351.9241649022126,271.9548676861896,0.08647972620114908
33.481016066491826,38.51013205056438,112.73946416772651,72.01532832872476,0.014805573384310856
30.07763530276887,8.786500215798323,330.0012186172885,104.4259894097415,0.05735143984981334
16.344716959973788,30.901032324404422,243.44747650149085,241.92695774696955,0.08692998304635939
26.682496673245332,7.632350031606591,188.79378869648713,63.82863764122875,0.058727469970709906
19.231651650550873,37.81737921542324,96.10026000268275,175.90398670142946,0.07208340363457315
10.47641738311561,33.19080265708983,352.85351561811933,163.09518680864886,0.03783231321340853
37.31269120252289,47.87411643308944,105.04562286290037,135.73789946314216,0.010152502186669594
11.946605504866245,4.378942801464638,158.42575072318473,151.02136809100665,0.04633212921758007
38.382713999176076,3.7956813364114614,151.5159361868529,185.40490908027914,0.0400534596930469
21.99518762113356,14.827166659966807,354.994911966799,91.78730903064931,0.0868389580555158
